{
  "project_info": {
    "project_number": "614485620060",
    "firebase_url": "https://ideokonkurs.firebaseio.com",
    "project_id": "ideokonkurs",
    "storage_bucket": "ideokonkurs.appspot.com"
  },
  "client": [
    {
      "client_info": {
        "mobilesdk_app_id": "1:614485620060:android:88462860333d2b9d94bd99",
        "android_client_info": {
          "package_name": "com.example.ideokonkurs"
        }
      },
      "oauth_client": [
        {
          "client_id": "614485620060-56acr1o7bsq7o4u6cej2erkcgirpgit1.apps.googleusercontent.com",
          "client_type": 3
        }
      ],
      "api_key": [
        {
          "current_key": "AIzaSyAAtEks-mNKgBDPe1itVhU7MJqJJB3coRE"
        }
      ],
      "services": {
        "appinvite_service": {
          "other_platform_oauth_client": [
            {
              "client_id": "614485620060-56acr1o7bsq7o4u6cej2erkcgirpgit1.apps.googleusercontent.com",
              "client_type": 3
            }
          ]
        }
      }
    }
  ],
  "configuration_version": "1"
}